[
  {
    "model": "warehouse.warehouse",
    "pk": 1,
    "fields": {
      "name": "Main Warehouse",
      "code": "WH001",
      "address": "123 Industrial Area, Downtown",
      "phone": "555-0100",
      "is_active": true,
      "is_shop": false,
      "created_at": "2025-01-01T10:00:00Z",
      "updated_at": "2025-01-01T10:00:00Z"
    }
  },
  {
    "model": "warehouse.warehouse",
    "pk": 2,
    "fields": {
      "name": "Clock Shop Retail",
      "code": "SHOP01",
      "address": "456 Main Street, City Center",
      "phone": "555-0200",
      "is_active": true,
      "is_shop": true,
      "created_at": "2025-01-01T10:00:00Z",
      "updated_at": "2025-01-01T10:00:00Z"
    }
  },
  {
    "model": "inventory.category",
    "pk": 1,
    "fields": {
      "name": "Wall Clocks",
      "description": "Decorative and functional wall clocks",
      "is_active": true,
      "created_at": "2025-01-01T10:00:00Z",
      "updated_at": "2025-01-01T10:00:00Z"
    }
  },
  {
    "model": "inventory.category",
    "pk": 2,
    "fields": {
      "name": "Table Clocks",
      "description": "Desktop and bedside clocks",
      "is_active": true,
      "created_at": "2025-01-01T10:00:00Z",
      "updated_at": "2025-01-01T10:00:00Z"
    }
  },
  {
    "model": "inventory.category",
    "pk": 3,
    "fields": {
      "name": "Grandfather Clocks",
      "description": "Traditional floor-standing clocks",
      "is_active": true,
      "created_at": "2025-01-01T10:00:00Z",
      "updated_at": "2025-01-01T10:00:00Z"
    }
  },
  {
    "model": "inventory.category",
    "pk": 4,
    "fields": {
      "name": "Cuckoo Clocks",
      "description": "Traditional cuckoo clocks",
      "is_active": true,
      "created_at": "2025-01-01T10:00:00Z",
      "updated_at": "2025-01-01T10:00:00Z"
    }
  },
  {
    "model": "inventory.brand",
    "pk": 1,
    "fields": {
      "name": "Seiko",
      "description": "Japanese precision timepieces",
      "is_active": true,
      "created_at": "2025-01-01T10:00:00Z",
      "updated_at": "2025-01-01T10:00:00Z"
    }
  },
  {
    "model": "inventory.brand",
    "pk": 2,
    "fields": {
      "name": "Howard Miller",
      "description": "American clock manufacturer",
      "is_active": true,
      "created_at": "2025-01-01T10:00:00Z",
      "updated_at": "2025-01-01T10:00:00Z"
    }
  },
  {
    "model": "inventory.brand",
    "pk": 3,
    "fields": {
      "name": "Rhythm",
      "description": "Japanese musical clocks",
      "is_active": true,
      "created_at": "2025-01-01T10:00:00Z",
      "updated_at": "2025-01-01T10:00:00Z"
    }
  },
  {
    "model": "inventory.product",
    "pk": 1,
    "fields": {
      "sku": "WC-SEI-001",
      "name": "Seiko Classic Wall Clock",
      "category": 1,
      "brand": 1,
      "description": "Elegant 12-inch wall clock with quiet sweep movement",
      "default_selling_price": "45.00",
      "is_active": true,
      "created_at": "2025-01-01T10:00:00Z",
      "updated_at": "2025-01-01T10:00:00Z"
    }
  },
  {
    "model": "inventory.product",
    "pk": 2,
    "fields": {
      "sku": "WC-SEI-002",
      "name": "Seiko Pendulum Wall Clock",
      "category": 1,
      "brand": 1,
      "description": "Traditional pendulum wall clock with Westminster chime",
      "default_selling_price": "120.00",
      "is_active": true,
      "created_at": "2025-01-01T10:00:00Z",
      "updated_at": "2025-01-01T10:00:00Z"
    }
  },
  {
    "model": "inventory.product",
    "pk": 3,
    "fields": {
      "sku": "TC-RHY-001",
      "name": "Rhythm Musical Table Clock",
      "category": 2,
      "brand": 3,
      "description": "Decorative table clock with 18 melodies",
      "default_selling_price": "85.00",
      "is_active": true,
      "created_at": "2025-01-01T10:00:00Z",
      "updated_at": "2025-01-01T10:00:00Z"
    }
  },
  {
    "model": "inventory.product",
    "pk": 4,
    "fields": {
      "sku": "TC-SEI-001",
      "name": "Seiko Desk Alarm Clock",
      "category": 2,
      "brand": 1,
      "description": "Compact desk clock with alarm and snooze function",
      "default_selling_price": "35.00",
      "is_active": true,
      "created_at": "2025-01-01T10:00:00Z",
      "updated_at": "2025-01-01T10:00:00Z"
    }
  },
  {
    "model": "inventory.product",
    "pk": 5,
    "fields": {
      "sku": "GC-HM-001",
      "name": "Howard Miller Grandfather Clock",
      "category": 3,
      "brand": 2,
      "description": "Classic grandfather clock with cable-driven movement",
      "default_selling_price": "2500.00",
      "is_active": true,
      "created_at": "2025-01-01T10:00:00Z",
      "updated_at": "2025-01-01T10:00:00Z"
    }
  },
  {
    "model": "inventory.product",
    "pk": 6,
    "fields": {
      "sku": "CC-HM-001",
      "name": "Black Forest Cuckoo Clock",
      "category": 4,
      "brand": 2,
      "description": "Authentic German cuckoo clock with hand-carved details",
      "default_selling_price": "450.00",
      "is_active": true,
      "created_at": "2025-01-01T10:00:00Z",
      "updated_at": "2025-01-01T10:00:00Z"
    }
  },
  {
    "model": "inventory.batch",
    "pk": 1,
    "fields": {
      "batch_number": "BTH-2025-0001",
      "product": 1,
      "warehouse": 2,
      "buy_price": "25.00",
      "quantity": 50,
      "initial_quantity": 50,
      "purchase_date": "2025-01-05",
      "supplier": "Seiko Distributors",
      "notes": "Initial stock",
      "created_at": "2025-01-05T10:00:00Z",
      "updated_at": "2025-01-05T10:00:00Z"
    }
  },
  {
    "model": "inventory.batch",
    "pk": 2,
    "fields": {
      "batch_number": "BTH-2025-0002",
      "product": 2,
      "warehouse": 2,
      "buy_price": "70.00",
      "quantity": 20,
      "initial_quantity": 20,
      "purchase_date": "2025-01-05",
      "supplier": "Seiko Distributors",
      "notes": "Initial stock",
      "created_at": "2025-01-05T10:00:00Z",
      "updated_at": "2025-01-05T10:00:00Z"
    }
  },
  {
    "model": "inventory.batch",
    "pk": 3,
    "fields": {
      "batch_number": "BTH-2025-0003",
      "product": 3,
      "warehouse": 2,
      "buy_price": "50.00",
      "quantity": 15,
      "initial_quantity": 15,
      "purchase_date": "2025-01-06",
      "supplier": "Rhythm Japan",
      "notes": "",
      "created_at": "2025-01-06T10:00:00Z",
      "updated_at": "2025-01-06T10:00:00Z"
    }
  },
  {
    "model": "inventory.batch",
    "pk": 4,
    "fields": {
      "batch_number": "BTH-2025-0004",
      "product": 4,
      "warehouse": 2,
      "buy_price": "18.00",
      "quantity": 100,
      "initial_quantity": 100,
      "purchase_date": "2025-01-06",
      "supplier": "Seiko Distributors",
      "notes": "",
      "created_at": "2025-01-06T10:00:00Z",
      "updated_at": "2025-01-06T10:00:00Z"
    }
  },
  {
    "model": "inventory.batch",
    "pk": 5,
    "fields": {
      "batch_number": "BTH-2025-0005",
      "product": 5,
      "warehouse": 1,
      "buy_price": "1500.00",
      "quantity": 3,
      "initial_quantity": 3,
      "purchase_date": "2025-01-07",
      "supplier": "Howard Miller Direct",
      "notes": "Premium items - handle with care",
      "created_at": "2025-01-07T10:00:00Z",
      "updated_at": "2025-01-07T10:00:00Z"
    }
  },
  {
    "model": "inventory.batch",
    "pk": 6,
    "fields": {
      "batch_number": "BTH-2025-0006",
      "product": 6,
      "warehouse": 2,
      "buy_price": "280.00",
      "quantity": 8,
      "initial_quantity": 8,
      "purchase_date": "2025-01-08",
      "supplier": "German Imports LLC",
      "notes": "Authentic Black Forest",
      "created_at": "2025-01-08T10:00:00Z",
      "updated_at": "2025-01-08T10:00:00Z"
    }
  },
  {
    "model": "inventory.batch",
    "pk": 7,
    "fields": {
      "batch_number": "BTH-2025-0007",
      "product": 1,
      "warehouse": 1,
      "buy_price": "22.00",
      "quantity": 30,
      "initial_quantity": 30,
      "purchase_date": "2025-01-10",
      "supplier": "Seiko Distributors",
      "notes": "Discounted bulk order",
      "created_at": "2025-01-10T10:00:00Z",
      "updated_at": "2025-01-10T10:00:00Z"
    }
  },
  {
    "model": "customers.customer",
    "pk": 1,
    "fields": {
      "name": "John Smith",
      "phone": "555-1001",
      "email": "john.smith@email.com",
      "address": "789 Oak Street, Suburbia",
      "credit_limit": "1000.00",
      "total_purchases": "165.00",
      "total_paid": "165.00",
      "total_due": "0.00",
      "is_active": true,
      "notes": "Regular customer",
      "created_at": "2025-01-05T10:00:00Z",
      "updated_at": "2025-01-10T10:00:00Z"
    }
  },
  {
    "model": "customers.customer",
    "pk": 2,
    "fields": {
      "name": "Sarah Johnson",
      "phone": "555-1002",
      "email": "sarah.j@email.com",
      "address": "321 Pine Avenue, Greenville",
      "credit_limit": "2000.00",
      "total_purchases": "570.00",
      "total_paid": "300.00",
      "total_due": "270.00",
      "is_active": true,
      "notes": "Interior designer - bulk orders",
      "created_at": "2025-01-06T10:00:00Z",
      "updated_at": "2025-01-10T10:00:00Z"
    }
  },
  {
    "model": "customers.customer",
    "pk": 3,
    "fields": {
      "name": "Michael Brown",
      "phone": "555-1003",
      "email": "mbrown@email.com",
      "address": "567 Elm Road, Downtown",
      "credit_limit": "500.00",
      "total_purchases": "85.00",
      "total_paid": "85.00",
      "total_due": "0.00",
      "is_active": true,
      "notes": "",
      "created_at": "2025-01-07T10:00:00Z",
      "updated_at": "2025-01-10T10:00:00Z"
    }
  },
  {
    "model": "customers.customer",
    "pk": 4,
    "fields": {
      "name": "Emily Davis",
      "phone": "555-1004",
      "email": "emily.d@email.com",
      "address": "890 Maple Lane, Riverside",
      "credit_limit": "3000.00",
      "total_purchases": "2500.00",
      "total_paid": "2000.00",
      "total_due": "500.00",
      "is_active": true,
      "notes": "VIP customer - antique collector",
      "created_at": "2025-01-08T10:00:00Z",
      "updated_at": "2025-01-10T10:00:00Z"
    }
  },
  {
    "model": "sales.sale",
    "pk": 1,
    "fields": {
      "invoice_number": "INV-2025-0001",
      "customer": 1,
      "sale_date": "2025-01-08T14:30:00Z",
      "subtotal": "165.00",
      "discount_amount": "0.00",
      "tax_amount": "0.00",
      "total_amount": "165.00",
      "paid_amount": "165.00",
      "total_cost": "86.00",
      "payment_status": "paid",
      "status": "completed",
      "notes": "",
      "created_by": 1,
      "created_at": "2025-01-08T14:30:00Z",
      "updated_at": "2025-01-08T14:35:00Z"
    }
  },
  {
    "model": "sales.sale",
    "pk": 2,
    "fields": {
      "invoice_number": "INV-2025-0002",
      "customer": 2,
      "sale_date": "2025-01-09T10:15:00Z",
      "subtotal": "570.00",
      "discount_amount": "0.00",
      "tax_amount": "0.00",
      "total_amount": "570.00",
      "paid_amount": "300.00",
      "total_cost": "310.00",
      "payment_status": "partial",
      "status": "completed",
      "notes": "Office decoration project",
      "created_by": 1,
      "created_at": "2025-01-09T10:15:00Z",
      "updated_at": "2025-01-09T10:20:00Z"
    }
  },
  {
    "model": "sales.sale",
    "pk": 3,
    "fields": {
      "invoice_number": "INV-2025-0003",
      "customer": 3,
      "sale_date": "2025-01-09T15:45:00Z",
      "subtotal": "85.00",
      "discount_amount": "0.00",
      "tax_amount": "0.00",
      "total_amount": "85.00",
      "paid_amount": "85.00",
      "total_cost": "50.00",
      "payment_status": "paid",
      "status": "completed",
      "notes": "",
      "created_by": 1,
      "created_at": "2025-01-09T15:45:00Z",
      "updated_at": "2025-01-09T15:50:00Z"
    }
  },
  {
    "model": "sales.sale",
    "pk": 4,
    "fields": {
      "invoice_number": "INV-2025-0004",
      "customer": 4,
      "sale_date": "2025-01-10T11:00:00Z",
      "subtotal": "2500.00",
      "discount_amount": "0.00",
      "tax_amount": "0.00",
      "total_amount": "2500.00",
      "paid_amount": "2000.00",
      "total_cost": "1500.00",
      "payment_status": "partial",
      "status": "completed",
      "notes": "Grandfather clock delivery scheduled",
      "created_by": 1,
      "created_at": "2025-01-10T11:00:00Z",
      "updated_at": "2025-01-10T11:10:00Z"
    }
  },
  {
    "model": "sales.saleitem",
    "pk": 1,
    "fields": {
      "sale": 1,
      "product": 1,
      "batch": 1,
      "quantity": 2,
      "unit_price": "45.00",
      "cost_price": "25.00",
      "discount": "0.00",
      "created_at": "2025-01-08T14:30:00Z",
      "updated_at": "2025-01-08T14:30:00Z"
    }
  },
  {
    "model": "sales.saleitem",
    "pk": 2,
    "fields": {
      "sale": 1,
      "product": 4,
      "batch": 4,
      "quantity": 2,
      "unit_price": "35.00",
      "cost_price": "18.00",
      "discount": "0.00",
      "created_at": "2025-01-08T14:30:00Z",
      "updated_at": "2025-01-08T14:30:00Z"
    }
  },
  {
    "model": "sales.saleitem",
    "pk": 3,
    "fields": {
      "sale": 2,
      "product": 2,
      "batch": 2,
      "quantity": 3,
      "unit_price": "120.00",
      "cost_price": "70.00",
      "discount": "0.00",
      "created_at": "2025-01-09T10:15:00Z",
      "updated_at": "2025-01-09T10:15:00Z"
    }
  },
  {
    "model": "sales.saleitem",
    "pk": 4,
    "fields": {
      "sale": 2,
      "product": 1,
      "batch": 1,
      "quantity": 4,
      "unit_price": "45.00",
      "cost_price": "25.00",
      "discount": "0.00",
      "created_at": "2025-01-09T10:15:00Z",
      "updated_at": "2025-01-09T10:15:00Z"
    }
  },
  {
    "model": "sales.saleitem",
    "pk": 5,
    "fields": {
      "sale": 3,
      "product": 3,
      "batch": 3,
      "quantity": 1,
      "unit_price": "85.00",
      "cost_price": "50.00",
      "discount": "0.00",
      "created_at": "2025-01-09T15:45:00Z",
      "updated_at": "2025-01-09T15:45:00Z"
    }
  },
  {
    "model": "sales.saleitem",
    "pk": 6,
    "fields": {
      "sale": 4,
      "product": 5,
      "batch": 5,
      "quantity": 1,
      "unit_price": "2500.00",
      "cost_price": "1500.00",
      "discount": "0.00",
      "created_at": "2025-01-10T11:00:00Z",
      "updated_at": "2025-01-10T11:00:00Z"
    }
  },
  {
    "model": "customers.payment",
    "pk": 1,
    "fields": {
      "customer": 1,
      "sale": 1,
      "amount": "165.00",
      "payment_method": "cash",
      "payment_date": "2025-01-08T14:35:00Z",
      "reference": "",
      "notes": "Full payment",
      "received_by": 1,
      "created_at": "2025-01-08T14:35:00Z",
      "updated_at": "2025-01-08T14:35:00Z"
    }
  },
  {
    "model": "customers.payment",
    "pk": 2,
    "fields": {
      "customer": 2,
      "sale": 2,
      "amount": "300.00",
      "payment_method": "card",
      "payment_date": "2025-01-09T10:20:00Z",
      "reference": "CARD-4521",
      "notes": "Partial payment - balance due",
      "received_by": 1,
      "created_at": "2025-01-09T10:20:00Z",
      "updated_at": "2025-01-09T10:20:00Z"
    }
  },
  {
    "model": "customers.payment",
    "pk": 3,
    "fields": {
      "customer": 3,
      "sale": 3,
      "amount": "85.00",
      "payment_method": "mobile_payment",
      "payment_date": "2025-01-09T15:50:00Z",
      "reference": "MP-78923",
      "notes": "",
      "received_by": 1,
      "created_at": "2025-01-09T15:50:00Z",
      "updated_at": "2025-01-09T15:50:00Z"
    }
  },
  {
    "model": "customers.payment",
    "pk": 4,
    "fields": {
      "customer": 4,
      "sale": 4,
      "amount": "2000.00",
      "payment_method": "bank_transfer",
      "payment_date": "2025-01-10T11:10:00Z",
      "reference": "BNK-2025-0456",
      "notes": "Initial payment - balance $500 on delivery",
      "received_by": 1,
      "created_at": "2025-01-10T11:10:00Z",
      "updated_at": "2025-01-10T11:10:00Z"
    }
  },
  {
    "model": "core.auditlog",
    "pk": 1,
    "fields": {
      "user": 1,
      "action": "SALE",
      "model_name": "Sale",
      "object_id": 1,
      "object_repr": "INV-2025-0001",
      "changes": {},
      "ip_address": "127.0.0.1",
      "timestamp": "2025-01-08T14:30:00Z"
    }
  },
  {
    "model": "core.auditlog",
    "pk": 2,
    "fields": {
      "user": 1,
      "action": "PAYMENT",
      "model_name": "Payment",
      "object_id": 1,
      "object_repr": "Payment $165.00 - John Smith",
      "changes": {},
      "ip_address": "127.0.0.1",
      "timestamp": "2025-01-08T14:35:00Z"
    }
  },
  {
    "model": "core.auditlog",
    "pk": 3,
    "fields": {
      "user": 1,
      "action": "SALE",
      "model_name": "Sale",
      "object_id": 2,
      "object_repr": "INV-2025-0002",
      "changes": {},
      "ip_address": "127.0.0.1",
      "timestamp": "2025-01-09T10:15:00Z"
    }
  },
  {
    "model": "core.auditlog",
    "pk": 4,
    "fields": {
      "user": 1,
      "action": "SALE",
      "model_name": "Sale",
      "object_id": 4,
      "object_repr": "INV-2025-0004",
      "changes": {},
      "ip_address": "127.0.0.1",
      "timestamp": "2025-01-10T11:00:00Z"
    }
  }
]
